{"v":3,"stories":{"example-introduction--page":{"id":"example-introduction--page","title":"Example/Introduction","name":"Page","importPath":"./stories/Introduction.stories.mdx"},"example-button--primary":{"id":"example-button--primary","title":"Example/Button","name":"Primary","importPath":"./stories/Button.stories.jsx"},"example-button--secondary":{"id":"example-button--secondary","title":"Example/Button","name":"Secondary","importPath":"./stories/Button.stories.jsx"},"example-button--large":{"id":"example-button--large","title":"Example/Button","name":"Large","importPath":"./stories/Button.stories.jsx"},"example-button--small":{"id":"example-button--small","title":"Example/Button","name":"Small","importPath":"./stories/Button.stories.jsx"},"example-header--logged-in":{"id":"example-header--logged-in","title":"Example/Header","name":"Logged In","importPath":"./stories/Header.stories.jsx"},"example-header--logged-out":{"id":"example-header--logged-out","title":"Example/Header","name":"Logged Out","importPath":"./stories/Header.stories.jsx"},"example-page--logged-in":{"id":"example-page--logged-in","title":"Example/Page","name":"Logged In","importPath":"./stories/Page.stories.jsx"},"example-page--logged-out":{"id":"example-page--logged-out","title":"Example/Page","name":"Logged Out","importPath":"./stories/Page.stories.jsx"}}}
